8/10/2026,<< Data Refreshed Date,REVEL - STOCK AVAILABILITY,,,,,,,SALES,,,,,,PURCHASE ORDER,,,,,,Calendar Week:,33
,,,,,,,,,,,,,,,,,,,,,,
Item Name,Item Description,Classification,Current Weeks Cover,On Hand,On Order,Committed,Available,Back Ordered,Units Sold MTD, Rev $ MTD ,Units Sold YTD, Rev $ YTD , GP % YTD ,YTD WEEKLY ROS,Order ETA,Next Order Quantity,Allocated Demand,Next PO,,,,
R-BFS-CEDAR-3P-V2,Revel Luna 3 Person Cedar Infrared Cabin Sauna,Saunas,20,44,163,8,36,0,0," $ 8,092 ",61," $ 524,476 ",63.6%,2,01-Sep-2026,10,0,PO0033080,,,,
R-TR-VIRTA-4P,Revel Virta 4 Person Traditional Cabin (No Heater),Saunas,6,25,114,15,10,0,7," $ 61,784 ",56," $ 501,202 ",60.8%,2,15-Oct-2026,30,0,PO0033170,,,,
R-BT-CEDAR-4P-V2,Revel Edenview - 4 Person Traditional Cedar Barrel Sauna (No Heater),Saunas,15,36,5,9,27,0,1," $ 6,097 ",59," $ 378,428 ",56.1%,2,15-Aug-2026,5,0,PO0033391,,,,
R-CS-4P-V2,Revel NordicWave 3-4 Person Infrared & Traditional Hybrid Sauna (No Heater),Saunas,8,26,91,12,14,0,0, $ -   ,59," $ 382,885 ",58.7%,2,15-Aug-2026,3,0,PO0033391,,,,
R-FS-2P-V2,Revel Aura 2 Person Full Spectrum Infrared Sauna,Saunas,12,38,193,8,30,0,0, $ -   ,85," $ 360,300 ",59.5%,3,15-Sep-2026,6,0,PO0032917,,,,
R-TR-VIRTA-2P,Revel Virta 2 Person Traditional Cabin (No Heater),Saunas,3,9,149,5,4,1,1," $ 5,805 ",45," $ 316,519 ",61.1%,1,01-Sep-2026,4,0,PO0033080,,,,
R-BT-4P-V2,Revel Eden - 4 Person Traditional Barrel Sauna (No Heater),Saunas,7,26,12,10,16,0,1," $ 4,596 ",72," $ 306,358 ",54.2%,2,15-Aug-2026,1,0,PO0033391,,,,
R-CHILLER-XY-10-M,Revel Chiller - 1.0HP - XY PRO,Ice Baths,23,99,0,13,86,0,3, $ 272 ,125," $ 288,465 ",52.4%,4,,,,,,,,
R-FS-3P-V2,Revel Aura 3 Person Full Spectrum Infrared Sauna,Saunas,26,57,245,5,52,0,2," $ 10,994 ",65," $ 326,404 ",60.8%,2,30-Sep-2026,2,0,PO0032590,,,,
R-FS-CABIN-2P-V2,Revel Eclipse 2 Person Full Spectrum Infrared Cabin,Saunas,5,6,31,1,5,1,0, $ -   ,33," $ 276,248 ",61.9%,1,20-Aug-2026,5,1,PO0032754,,,,
R-ICEDUO-V2-TUB,Revel Glacier Duo Tub - Cedar Ice Bath,Ice Baths,5,10,0,2,8,0,0, $ -   ,59," $ 211,168 ",35.7%,2,,,,,,,,
R-ICESOLO-V3-TUB,Revel Glacier Solo Tub - Cedar Ice Bath,Ice Baths,1,10,74,9,1,2,0, $ -   ,61," $ 181,306 ",40.4%,2,01-Nov-2026,20,2,PO0033266,,,,
R-TR-CABIN-3P,Revel Solaris 4 Person Traditional Cabin,Saunas,3,3,0,1,2,1,0, $ -   ,23," $ 153,887 ",49.6%,1,,,,,,,,
R-FS-PREM-3P,Revel Nova 3 Person Full Spectrum Infrared Sauna,Saunas,6,4,0,0,4,0,0, $ -   ,22," $ 148,497 ",51.6%,1,,,,,,,,
R-TR-PREM-4P,Revel Loom 4 Person Traditional Finnish Sauna (No Heater),Saunas,3,4,42,2,2,1,2," $ 13,833 ",26," $ 186,066 ",61.1%,1,20-Aug-2026,4,1,PO0032754,,,,
R-FS-PREM-2P,Revel Nova 2 Person Full Spectrum Infrared Sauna,Saunas,8,9,0,2,7,0,1," $ 5,636 ",29," $ 160,223 ",49.9%,1,,,,,,,,
R-BT-CEDAR-2P-V2,Revel Aurora 2 Person Traditional Cedar Barrel Sauna (No Heater),Saunas,30,21,3,1,20,0,0, $ -   ,22," $ 128,185 ",60.8%,1,15-Aug-2026,3,0,PO0033391,,,,
R-CHILLER-COM-2HP,Revel Commercial Chiller 2HP,Ice Baths,34,42,0,11,31,0,0, $ -   ,30," $ 126,704 ",65.3%,1,,,,,,,,
R-TR-4P-V2,Revel Tampere 4 Person Traditional Finnish Sauna,Saunas,1,4,0,3,1,0,0, $ -   ,28," $ 112,232 ",39.2%,1,,,,,,,,
R-TR-4P-V3,Revel Tampere 4 Person Traditional Finnish Sauna (No Heater),Saunas,17,13,74,1,12,0,1," $ 5,138 ",24," $ 114,231 ",51.3%,1,15-Aug-2026,4,0,PO0033391,,,,
R-TR-VAL-2P,Revel Kuusi 2 Person Traditional Finnish Sauna (No heater),Saunas,15,28,43,4,24,0,3," $ 6,666 ",54," $ 130,604 ",46.2%,2,20-Aug-2026,5,0,PO0032754,,,,
R-BT-CEDAR-4P,Revel Edenview - 4 Person Traditional Cedar Barrel Sauna,Saunas,0,0,0,0,0,0,0, $ -   ,13," $ 97,534 ",58.6%,0,,,,,,,,
R-ICE-ALLINONE-BLK,Revel Glasur All in One Ice Bath - Black,Ice Baths,0,2,0,2,0,0,0, $ -   ,14," $ 97,602 ",51.2%,0,,,,,,,,
R-FS-PREM-3P-V2,Revel Nova 3 Person Full Spectrum Infrared Sauna,Saunas,20,13,73,5,8,0,0, $ -   ,13," $ 96,918 ",59.3%,0,05-Oct-2026,5,0,PO0033078,,,,
R-CHILLER-XY-08-S,Revel Chiller - 0.8HP - XY PRO,Ice Baths,40,39,0,3,36,0,2," $ 4,424 ",30," $ 86,034 ",57.9%,1,,,,,,,,
R-TR-2P-V3,Revel Tampere 2 Person Traditional Finnish Sauna (No heater),Saunas,104,71,0,2,69,0,0, $ -   ,22," $ 93,263 ",54.6%,1,,,,,,,,
R-BT-CEDAR-8P-V2,Revel Edenview - 8 Person Traditional Cedar Barrel Sauna (No Heater),Saunas,0,2,0,2,0,0,0, $ -   ,10," $ 87,024 ",59.1%,0,,,,,,,,
R-ICEACRYLIC,Revel Edur Ice Bath,Ice Baths,2,1,0,0,1,0,0, $ -   ,18," $ 61,895 ",27.9%,1,,,,,,,,
R-CHILLER-XY-20-L,Revel Chiller - 2.0HP - XY PRO,Ice Baths,9,11,0,4,7,1,0, $ -   ,26," $ 75,405 ",53.6%,1,,,,,,,,
R-ICEDUO-V3-TUB,Revel Glacier Duo Tub - Cedar Ice Bath,Ice Baths,66,59,0,7,52,0,1," $ 2,050 ",26," $ 86,074 ",32.7%,1,,,,,,,,
R-TR-PREM-2P,Revel Loom 2 Person Traditional Finnish Sauna (No Heater),Saunas,48,20,14,1,19,0,2," $ 13,635 ",13," $ 81,023 ",65.6%,0,15-Aug-2026,4,0,PO0033391,,,,
R-BT-8P-V2,Revel Eden - 8 Person Traditional Barrel Sauna (No Heater),Saunas,72,25,10,1,24,0,1," $ 5,127 ",11," $ 59,798 ",55.8%,0,15-Sep-2026,3,0,PO0032755,,,,
R-FI-2P-V2,Revel Kora 2 Person Far Infrared Sauna,Saunas,1,13,315,12,1,13,3," $ 5,135 ",37," $ 100,219 ",52.3%,1,05-Oct-2026,7,6,PO0033078,,,,
R-FI-3P-V3,Revel Kora 3 Person Far Infrared Sauna,Saunas,3,6,195,4,2,0,0, $ -   ,21," $ 68,347 ",54.2%,1,10-Oct-2026,9,0,PO0033189,,,,
R-FI-3P,Revel Kora 3 Person Far Infrared Sauna,Saunas,2,1,0,0,1,0,0, $ -   ,14," $ 42,663 ",43.6%,0,,,,,,,,
R-SAUNAREDLIGHT,Revel Helio Red Light & Stand,Massage Tools,1,1,20,0,1,8,0, $ -   ,31," $ 37,333 ",32.1%,1,28-Aug-2026,20,6,PO0033072,,,,
R-ICECHILL-SY-10-I,Revel Chiller - Ice 1.0HP - SY ICE,Ice Baths,165,68,0,3,65,0,0, $ -   ,13," $ 38,804 ",35.9%,0,,,,,,,,
R-ICEACRYLIC-BLACK,Revel Edur Noir Ice Bath,Ice Baths,20,6,0,0,6,0,0, $ -   ,10," $ 37,951 ",29.8%,0,,,,,,,,
R-FI-3P-V2,Revel Kora 3 Person Far Infrared Sauna,Saunas,7,2,0,0,2,0,0, $ -   ,10," $ 35,197 ",56.4%,0,,,,,,,,
R-ICESOLO-V2-TUB,Revel Glacier Solo Tub - Cedar Ice Bath,Ice Baths,2,3,0,2,1,0,0, $ -   ,14," $ 32,075 ",22.6%,0,,,,,,,,
R-ICE-ALLINONE-WHT,Revel Glasur All in One Ice Bath - White,Ice Baths,79,13,0,1,12,0,0, $ -   ,5," $ 29,929 ",47.3%,0,,,,,,,,
R-BFS-CEDAR-3P,Revel Luna 3 Person Cedar Infrared Barrel Sauna,Saunas,5,1,0,0,1,0,0, $ -   ,7," $ 28,706 ",1.6%,0,,,,,,,,
R-TR-1P-V2,Revel Tampere 1 Person Traditional Finnish Sauna with Step,Saunas,0,0,0,0,0,0,0, $ -   ,10," $ 26,397 ",48.4%,0,,,,,,,,
R-ICESOLO-V2,Revel Glacier Solo - Cedar Ice Bath,Ice Baths,8,2,0,0,2,0,0, $ -   ,8," $ 25,324 ",1.5%,0,,,,,,,,
R-CS-2P,Revel NordicWave 2 Person Infrared & Traditional Hybrid Sauna,Saunas,0,0,0,0,0,0,0, $ -   ,7," $ 23,523 ",42.9%,0,,,,,,,,
R-BT-4P,Revel Eden - 4 Person Traditional Barrel Sauna,Saunas,7,1,0,0,1,0,0, $ -   ,5," $ 23,401 ",56.9%,0,,,,,,,,
R-TR-3P-V2,Revel Tampere 3 Person Traditional Finnish Sauna with Step,Saunas,9,2,0,0,2,0,0, $ -   ,7," $ 22,592 ",33.7%,0,,,,,,,,
R-FS-CABIN-2P,Revel Eclipse 2-3 Person Full Spectrum Infrared Cabin,Saunas,17,2,0,0,2,0,0, $ -   ,4," $ 11,530 ",-20.8%,0,,,,,,,,
R-ICEACRYK-BLK-TUB,Revel Edur Noir Ice Bath Tub - Acrylic Ice Bath,Ice Baths,112,40,0,6,34,0,0, $ -   ,10," $ 21,613 ",46.7%,0,,,,,,,,
R-RF1,Revel Ice Bath 20 Micron Filter Cartridge,Ice Baths,17,595,0,12,583,0,22, $ 407 ,"1,124"," $ 18,668 ",59.8%,34,,,,,,,,
R-TR-VAL-4P,Revel Kuusi 4 Person Traditional Finnish Sauna (No heater),Saunas,69,24,19,3,21,0,0, $ -   ,10," $ 44,034 ",62.6%,0,10-Dec-2026,7,0,PO0033347,,,,
R-CHILL-PUMPFILT,Revel Commercial Pump Filter,Ice Baths,41,47,0,11,36,3,0, $ -   ,29," $ 17,904 ",65.5%,1,,,,,,,,
R-HAT-WHITE,Revel Sauna Hat - Premium 100% Wool Heat Shield - White,Saunas,14,208,300,37,171,0,7, $ 199 ,417," $ 17,071 ",63.7%,13,01-Nov-2026,300,0,PO0033269,,,,
R-TR-CAB-3P-V2,Revel Solaris 3-4 Person Traditional Cabin (No Heater),Saunas,149,22,20,4,18,0,1," $ 6,113 ",4," $ 26,418 ",61.7%,0,20-Aug-2026,7,0,PO0032754,,,,
R-CHILLER-M,Revel Chiller - 1.0HP,Ice Baths,8,1,0,0,1,0,0, $ -   ,4," $ 7,121 ",-66.5%,0,,,,,,,,
R-ICEDUO-V2,Revel Glacier Duo - Cedar Ice Bath,Ice Baths,8,1,0,0,1,0,0, $ -   ,4," $ 13,896 ",-5.5%,0,,,,,,,,
R-FS-4P,Revel Aura 3 Person Full Spectrum Infrared Sauna,Saunas,0,0,0,0,0,0,0, $ -   ,4," $ 12,102 ",43.4%,0,,,,,,,,
R-HAT-GREEN,Revel Sauna Hat - Premium 100% Wool Heat Shield - Green,Saunas,0,24,300,24,0,7,5, $ 82 ,445," $ 12,318 ",68.7%,13,01-Nov-2026,300,7,PO0033269,,,,
R-FS-2P,Revel Aura 2 Person Full Spectrum Infrared Sauna,Saunas,0,0,0,0,0,0,0, $ -   ,3," $ 10,630 ",55.9%,0,,,,,,,,
R-FS-PREM-2P-V2,Revel Nova 2 Person Full Spectrum Infrared Sauna,Saunas,220,22,29,2,20,0,0, $ -   ,3," $ 13,394 ",44.1%,0,20-Aug-2026,8,0,PO0032754,,,,
R-TR-2P-V2,Revel Tampere 2 Person Traditional Finnish Sauna with Step,Saunas,33,4,0,1,3,0,0, $ -   ,3," $ 10,269 ",55.7%,0,,,,,,,,
R-ICEMOB,Revel Freeze - Mobile Ice Bath,Ice Baths,32,22,0,0,22,0,2," $ 1,017 ",23," $ 11,237 ",45.9%,1,,,,,,,,
R-BT-CEDAR-2P,Revel Aurora 2 Person Traditional Cedar Barrel Sauna,Saunas,0,0,0,0,0,0,0, $ -   ,2," $ 9,089 ",21.6%,0,,,,,,,,
R-FS-1P,Revel Aura 1 Person Full Spectrum Infrared Sauna,Saunas,0,0,0,0,0,0,0, $ -   ,3," $ 9,067 ",52.0%,0,,,,,,,,
R-CS-3P,Revel NordicWave 2 Person Infrared & Traditional Hybrid Sauna,Saunas,0,0,0,0,0,0,0, $ -   ,2," $ 7,954 ",46.4%,0,,,,,,,,
R-TR-C6P,Revel Tampere 6 Person Sauna,Saunas,264,8,0,0,8,0,0, $ -   ,1," $ 7,273 ",40.2%,0,,,,,,,,
R-CHILLERMOB,Revel Chiller - 0.3HP,Ice Baths,94,40,0,0,40,0,1," $ 1,363 ",14," $ 8,308 ",9.8%,0,,,,,,,,
R-BT-8P,Revel Eden - 8 Person Traditional Barrel Sauna,Saunas,0,0,0,0,0,0,0, $ -   ,6," $ 11,864 ",-11.3%,0,,,,,,,,
R-FS-C6P,Revel Aura 6 Person Sauna,Saunas,0,1,0,1,0,0,0, $ -   ,1," $ 5,964 ",36.6%,0,,,,,,,,
R-TOWEL,Revel Jacquard Towel,Training Aids,43,423,0,16,407,0,8, $ (16),310," $ 5,218 ",4.1%,9,,,,,,,,
R-ICEFOUND,Revel Arctic - Cedar Ice Bath,Ice Baths,0,0,0,0,0,0,0, $ -   ,2," $ 4,520 ",-60.2%,0,,,,,,,,
R-CHILLERWHITE-S,Revel Chiller White - 0.8HP,Ice Baths,0,0,0,0,0,0,0, $ -   ,2," $ 7,544 ",69.2%,0,,,,,,,,
R-SAUBACKHEM,Revel Sauna Backrest - Hemlock,Saunas,27,94,85,8,86,0,5, $ 359 ,106," $ 5,175 ",48.2%,3,10-Dec-2026,25,0,PO0033350,,,,
R-CHILL-COM-COVER,Revel Commercial Pump & Filter Cover,Ice Baths,73,23,0,1,22,0,0, $ -   ,10," $ 4,305 ",53.0%,0,,,,,,,,
R-CHILL-AIO-1HP,Revel All in One Chiller - 1HP,Ice Baths,2,2,0,0,2,0,0, $ -   ,0, $ -   ,,0,,,,,,,,
R-HYDROGEN,Revel Hydrogen Water Bottle,Training Aids,50,24,0,0,24,0,0, $ -   ,16," $ 2,538 ",54.3%,0,,,,,,,,
R-MASSAGEPRO,Revel Massage Gun Pro,Massage Tools,72,41,0,2,39,0,0, $ -   ,18," $ 2,266 ",7.9%,1,,,,,,,,
R-ICEMAT,Revel Arctic Dry - Ice Bath Mat,Ice Baths,0,1,0,1,0,0,0, $ -   ,14," $ 2,107 ",-52.5%,0,,,,,,,,
S-029-C,Revel Sauna Backrest - Cedar,Saunas,2,2,0,0,2,0,0, $ -   ,33," $ 1,788 ",36.7%,1,,,,,,,,
R-CHILL-HOSE-INSUL,Revel Ice Bath Hose Insulators,Ice Baths,30,32,0,2,30,0,1, $ 90 ,33," $ 1,851 ",30.2%,1,,,,,,,,
R-CHILLER-05-XS,Revel Chiller - 0.5HP - MINI,Ice Baths,314,19,0,0,19,0,0, $ -   ,2," $ 2,641 ",55.8%,0,,,,,,,,
R-SAUBACKCED,Revel Sauna Backrest - Cedar,Saunas,37,53,75,1,52,0,1, $ -   ,47," $ 1,887 ",21.3%,1,10-Dec-2026,27,0,PO0033349,,,,
R-BOTTLE,Revel 1 Litre Drink Bottle,Training Aids,47,188,0,5,183,0,2, $ 71 ,130," $ 1,379 ",27.1%,4,,,,,,,,
R-ICEFOUND-V2-TUB,Revel Arctic Tub - Cedar Ice Bath,Ice Baths,0,0,0,0,0,0,0, $ -   ,1, $ 909 ,-270.0%,0,,,,,,,,
R-HR1,Revel Glacier Headrest,Ice Baths,80,64,0,6,58,0,0, $ -   ,24, $ 891 ,74.8%,1,,,,,,,,
R-CHILL-AIO-FILT,Revel All in One Ice Bath Filter,Ice Baths,45,52,44,0,52,0,0, $ -   ,38, $ 739 ,48.5%,1,01-Nov-2026,44,0,PO0033262,,,,
R-CHILL-COM-ADAPT,"Revel Commercial Hose Adaptor 1"" to 1/2"" - QTY 2",Ice Baths,31,44,0,12,32,3,0, $ -   ,34, $ 513 ,50.2%,1,,,,,,,,
R-AIO-HEADREST-BL,Revel All in One Headrest - Black,Saunas,22,12,37,4,8,1,0, $ -   ,12, $ 632 ,43.3%,0,01-Nov-2026,37,1,PO0033264,,,,
S-029,Revel Sauna Backrest - Hemlock,Saunas,15,4,0,0,4,0,0, $ -   ,9, $ 431 ,42.3%,0,,,,,,,,
R-ICEMAT-BLACK,Revel Arctic Dry - Black Ice Bath Mat,Ice Baths,0,0,0,0,0,0,0, $ -   ,2, $ 272 ,-140.4%,0,,,,,,,,
R-AIO-PH-HOLD,Revel Ice Bath Phone Holder,Ice Baths,46,7,0,0,7,0,0, $ -   ,5, $ 262 ,42.7%,0,,,,,,,,
R-AIO-HEADREST-WH,Revel All in One Headrest - White,Saunas,22,3,0,1,2,0,0, $ -   ,3, $ 176 ,48.6%,0,,,,,,,,
R-ICEMOB-V2,Revel Freeze - Mobile Ice Bath,Ice Baths,473,43,0,0,43,0,0, $ -   ,3, $ 321 ,-155.1%,0,,,,,,,,
R-FS-5P,Revel Aura 4 Person Full Spectrum Infrared Sauna,Saunas,0,0,0,0,0,0,0, $ -   ,1, $ 141 ,-1461.9%,0,,,,,,,,
R-MUSHYS,Revel Mushroom Pack,Training Aids,0,0,0,0,0,0,0, $ -   ,1, $ 123 ,100.0%,0,,,,,,,,
R-CHILL-COM-34ADPT,"Revel Commercial Hose Adaptor 1"" to 3/4"" - QTY 2",Ice Baths,1617,49,0,0,49,0,0, $ -   ,1, $ 9 ,70.3%,0,,,,,,,,
R-ICE-X-ALLIN1-BLK,Revel Glasur X All in One Ice Bath - Black,Ice Baths,50,20,35,11,9,0,0, $ -   ,6," $ 42,125 ",52.1%,0,01-Nov-2026,28,0,PO0033262,,,,
R-SHINGLE,Revel Sauna Shingles,Saunas,1617,206,0,10,196,0,1, $ 163 ,4, $ 651 ,80.6%,0,,,,,,,,
R-CHILL-ICEX-1HP,Revel Glasur X All in One Chiller - 1HP,Ice Baths,3,3,2,0,3,0,0, $ -   ,0, $ -   ,,0,01-Nov-2026,2,0,PO0033261,,,,
R-AP-1P,Revel Artic Pro 1 Person Cold Plunge,Ice Baths,0,0,0,0,0,0,0, $ -   ,0, $ -   ,,0,,,,,,,,
R-CFS-8P,Revel Aura Pro - 8 Person Infrared Sauna,Saunas,0,0,0,0,0,0,0, $ -   ,0, $ -   ,,0,,,,,,,,
R-CHILLER-XY-06-XS,Revel Chiller - 0.6HP - XY PRO,Ice Baths,0,0,0,0,0,0,0, $ -   ,0, $ -   ,,0,,,,,,,,
R-CHILL-WATERPUMP,Revel Commercial Water Pump,Ice Baths,0,0,0,0,0,0,0, $ -   ,0, $ -   ,,0,,,,,,,,
R-ICEBARREL,Revel Deep Chill Barrel,Ice Baths,0,0,0,0,0,0,0, $ -   ,0, $ -   ,,0,,,,,,,,
R-CHILLER-XY-03-MIN,Revel Freeze Mini Chiller - 0.3HP.,Ice Baths,0,0,0,0,0,0,0, $ -   ,0, $ -   ,,0,,,,,,,,
R-Massage,Revel Mini Massage Gun,Massage Tools,0,0,0,0,0,0,0, $ -   ,0, $ -   ,,0,,,,,,,,
R-CS-4P,Revel NordicWave 3 Person Infrared & Traditional Hybrid Sauna,Saunas,0,0,0,0,0,0,0, $ -   ,0, $ -   ,,0,,,,,,,,
R-CS-CAB-3P,Revel Outdoor NordicWave 3 Person Infrared & Traditional Hybrid Sauna (No Heater),Saunas,0,0,101,0,0,0,0, $ -   ,0, $ -   ,,0,30-Sep-2026,39,0,PO0033181,,,,
R-SOLARIS-DOOR,Revel Solaris Glass Door,Saunas,0,0,30,0,0,2,0, $ -   ,0, $ -   ,,0,25-Sep-2026,30,2,PO0033306,,,,
R-REDLIGHTMASK,Revel Ultra Glow Redlight Face Mask,Massage Tools,0,0,100,0,0,0,0, $ -   ,0, $ -   ,,0,28-Aug-2026,100,0,PO0033073,,,,
R-H-SW90KW-E,Harvia Black Wall SW90 Heater - Electronic,Saunas,0,0,53,0,0,0,0, $ -   ,0, $ -   ,,0,15-Oct-2026,17,0,PO0033170,,,,
R-H-SPEAKER-BLACK,Harvia Water-resistant sauna speaker Harvia - Black,Saunas,506,47,0,1,46,0,2, $ 271 ,3, $ 406 ,65.3%,0,,,,,,,,
R-H-SPEAKER-RED,Harvia Water-resistant sauna speaker Harvia - Red,Saunas,49,49,0,0,49,0,0, $ -   ,0, $ -   ,,0,,,,,,,,
R-H-PC70-E,Harvia Electronic Silver Cilindro Pillar Heater 6.8KW - PC70,Saunas,99,44,0,2,42,0,2," $ 1,979 ",14," $ 12,793 ",52.0%,0,,,,,,,,
R-H-PC70-E-BLACK,Harvia Electronic Black Cilindro Pillar Heater 6.8KW - PC70,Saunas,56,46,6,7,39,0,4," $ 4,272 ",23," $ 23,798 ",100.0%,1,30-Jan-2027,6,0,PO0033434,,,,
R-ICEACRYL-BLK-LID,Revel Edur Noir Ice Bath - Insulated Cover,Ice Baths,4,4,0,0,4,0,0, $ -   ,0, $ -   ,,0,,,,,,,,
R-TR-C10P,Revel Tampere 10 Person Sauna,Saunas,4,4,0,0,4,0,0, $ -   ,0, $ -   ,,0,,,,,,,,
R-CHILLER-COM,Revel Chiller - 2.0HP,Ice Baths,2,2,0,0,2,0,0, $ -   ,0, $ -   ,,0,,,,,,,,
R-ICEACRYLIC-LID,Revel Edur Ice Bath - Insulated Cover,Ice Baths,2,2,0,0,2,0,0, $ -   ,0, $ -   ,,0,,,,,,,,
R-FS-C10P,Revel Aura 10 Person Sauna,Saunas,1,1,0,0,1,0,0, $ -   ,0, $ -   ,,0,,,,,,,,
R-CHILLER-FILTER,Revel Commercial Filter,Ice Baths,0,0,0,0,0,0,0, $ -   ,0, $ -   ,,0,,,,,,,,
R-BT-6P,Revel Eden - 6 Person Traditional Barrel Sauna,Saunas,0,0,0,0,0,0,0, $ -   ,0, $ -   ,,0,,,,,,,,
R-ICEACRYLIC-HR,Revel Edur Ice Bath - Headrest,Ice Baths,0,0,0,0,0,0,0, $ -   ,0, $ -   ,,0,,,,,,,,
R-PWC-2P,Revel Glacier Duo - Premium Ice Bath,Ice Baths,0,0,0,0,0,0,0, $ -   ,0, $ -   ,,0,,,,,,,,
R-XEN-WIFI-170-VEG,Harvia Xenio CX170 WIFI Control (Vega Heater),Saunas,33,18,0,2,16,0,1," $ 1,272 ",16," $ 18,437 ",30.8%,0,,,,,,,,
R-H-BC35KW-E,Harvia Vega BC35 Heater - Electronic,Saunas,9,6,53,1,5,0,0, $ -   ,18," $ 8,439 ",46.0%,1,10-Dec-2026,11,0,PO0033350,,,,
R-ICEBATH,Revel Recovery Ice Bath,Ice Baths,0,0,0,0,0,0,0, $ -   ,0, $ -   ,,0,,,,,,,,
R-HAT-DUNE-1,Revel Sauna Hat - Premium 100% Wool Heat Shield - Soft Dune,Saunas,0,0,0,0,0,0,0, $ -   ,0, $ -   ,,0,,,,,,,,
R-TR-1P,Revel Tampere 1 Person Traditional Finnish Sauna,Saunas,0,0,0,0,0,0,0, $ -   ,0, $ -   ,,0,,,,,,,,
R-TR-2P,Revel Tampere 2 Person Traditional Sauna,Saunas,0,0,0,0,0,0,0, $ -   ,0, $ -   ,,0,,,,,,,,
R-H-PC70-SHIELD,Harvia Cilindro Protective Shield,Saunas,45,17,0,2,15,0,2, $ 181 ,11," $ 1,227 ",42.4%,0,,,,,,,,
R-XEN-DIG-170-VEGA,Harvia Xenio CX170 Non Wifi Control - Vega Heater,Saunas,107,13,0,0,13,0,1, $ (427),4," $ 1,143 ",-161.4%,0,,,,,,,,
R-CS-3PB,Revel NordicWave 3 Person Infrared & Traditional Hybrid Sauna,Saunas,0,0,0,0,0,0,0, $ -   ,1, $ -   ,,0,,,,,,,,
R-XEN-DIG-170-WALL,Harvia Xenio CX170 Non Wifi Control - Wall Heater,Saunas,2,6,0,4,2,0,2," $ 1,714 ",30," $ 21,086 ",-6.3%,1,,,,,,,,
R-H-BC35KW,Harvia Vega BC35 Heater,Saunas,32,38,14,4,34,0,1, $ 502 ,35," $ 17,695 ",44.9%,1,10-Dec-2026,2,0,PO0033349,,,,
R-H-SW60KW,Harvia Wall SW60 Heater,Saunas,15,41,64,9,32,0,2," $ 1,432 ",69," $ 52,063 ",46.7%,2,20-Aug-2026,1,0,PO0032754,,,,
R-H-SW60KW-E,Harvia Black Wall SW60 Heater - Electronic,Saunas,14,56,78,19,37,0,2," $ 1,736 ",88," $ 70,383 ",48.6%,3,30-Sep-2026,12,0,PO0032997,,,,
R-H-SW45KW-E,Harvia Wall SW45 Heater - Electronic,Saunas,4,24,140,12,12,2,5," $ 3,465 ",99," $ 63,440 ",43.9%,3,01-Nov-2026,16,1,PO0033266,,,,
R-H-SW45KW,Harvia Wall SW45 Heater,Saunas,5,27,114,12,15,0,1, $ 814 ,111," $ 76,774 ",42.0%,3,30-Sep-2026,9,0,PO0033204,,,,
R-XENIO-WIFI-CX170,Harvia Xenio CX170 WIFI Controller (Wall Heater),Saunas,4,68,18,40,28,0,11," $ 10,616 ",245," $ 230,093 ",15.4%,7,01-Aug-2026,8,0,PO0033346,,,,
R-STONE-HARVIA-20K,Harvia Black Vulcanite 20kg Stones,Saunas,3,164,958,100,64,0,33," $ 3,164 ",615," $ 44,228 ",7.0%,19,01-Sep-2026,51,0,PO0033081,,,,
R-CHILL-FILT-CART,Revel Commercial Filter Cartridge,Ice Baths,35,85,15,15,70,0,0, $ -   ,66," $ (1,120)",233.0%,2,10-Jul-2026,15,0,PO0032929,,,,
R-CHILLER-S,Revel Chiller - 0.8HP,Ice Baths,17,1,0,0,1,0,-1," $ (3,181)",2," $ (5,237)",199.0%,0,,,,,,,,
R-TR-4P,Revel Tampere 3 Person Traditional Sauna,Saunas,0,0,0,0,0,0,0, $ -   ,1," $ (3,063)",142.4%,0,,,,,,,,
R-H-SW60KW-SIL,Harvia Silver Wall SW60 Heater,Saunas,7,1,0,0,1,0,1," $ 1,060 ",5," $ 4,723 ",13.4%,0,,,,,,,,
R-TR-EDEN-4P,Revel Edenview - 4 Person Traditional Cabin Sauna (No Heater),Saunas,0,0,54,0,0,0,0, $ -   ,0, $ -   ,,0,12-Oct-2026,42,0,PO0033355,,,,
S-003,Sand Timer,Saunas,7,7,0,0,7,0,0, $ -   ,0, $ -   ,,0,,,,,,,,
S-004,Harvia BC30 3KW Sauna Stove Without Stones,Saunas,363,11,0,0,11,0,0, $ -   ,1, $ -   ,,0,,,,,,,,
S-017,Harvia Black Wall Heater 4.5KW - SW45,Saunas,15,14,0,2,12,0,0, $ -   ,26," $ 21,141 ",48.4%,1,,,,,,,,
S-018,Harvia Black Wall Heater 6.0KW - SW60,Saunas,1,2,0,1,1,0,0, $ -   ,35," $ 25,600 ",36.7%,1,,,,,,,,
S-019,Harvia Black Wall Heater 9.0KW - SW90,Saunas,30,14,0,4,10,0,0, $ -   ,11," $ 15,981 ",65.8%,0,,,,,,,,
S-020,Harvia BC45 4.5KW Sauna Stove Without Stones,Saunas,33,1,0,0,1,0,0, $ -   ,1, $ -   ,,0,,,,,,,,
S-023,10kgs Sauna Stones,Saunas,1,1,0,0,1,0,0, $ -   ,0, $ -   ,,0,,,,,,,,
S-024,20kgs Sauna Stones,Saunas,99,3,0,0,3,0,0, $ -   ,1, $ -   ,,0,,,,,,,,
S-030,10kgs Harvia Sauna Stones,Saunas,69,42,0,0,42,0,1, $ 108 ,20," $ 1,804 ",55.9%,1,,,,,,,,
S-031,20kgs Harvia Sauna Stones,Saunas,0,1,0,1,0,0,0, $ -   ,12," $ 1,058 ",11.6%,0,,,,,,,,